session,position,set_cct_k,dimming,n,mean_raw_lux,ambient_lux,mean_lamp_lux,sample_sd_lux,measurement_ids
s1_on,inside_shade,6500,0,3,151.66666666666666,151.66666666666666,0.0,3.7859388972001824,m016 m017 m018
s1_on,inside_shade,6500,10,3,856.3333333333334,151.66666666666666,704.6666666666667,26.102362600602522,m013 m014 m015
s1_on,inside_shade,6500,25,3,2853.3333333333335,151.66666666666666,2701.666666666667,32.145502536643185,m010 m011 m012
s1_on,inside_shade,6500,50,3,8810.0,151.66666666666666,8658.333333333334,122.88205727444507,m007 m008 m009
s1_on,inside_shade,6500,75,3,15333.333333333334,151.66666666666666,15181.666666666668,57.735026918962575,m004 m005 m006
s1_on,inside_shade,6500,100,3,19500.0,151.66666666666666,19348.333333333332,435.88989435406734,m001 m002 m003
s1_off,inside_shade,,0,3,78.7,78.7,0.0,1.5524174696260065,m019 m020 m021
s1_off,inside_shade,6500,10,3,689.3333333333334,78.7,610.6333333333333,28.571547618799602,m043 m044 m045
s2,inside_shade,,0,1,98.8,98.8,0.0,,m042
s2,inside_shade,2200,10,1,492.0,98.8,393.2,,m041
s2,inside_shade,2200,25,1,1810.0,98.8,1711.2,,m040
s2,inside_shade,2200,50,1,5190.0,98.8,5091.2,,m039
s2,inside_shade,2200,75,1,9420.0,98.8,9321.2,,m038
s2,inside_shade,2200,100,1,12400.0,98.8,12301.2,,m027
s2,inside_shade,3009,100,1,20300.0,98.8,20201.2,,m026
s2,inside_shade,4003,10,1,1300.0,98.8,1201.2,,m036
s2,inside_shade,4003,25,1,5140.0,98.8,5041.2,,m035
s2,inside_shade,4003,50,1,15800.0,98.8,15701.2,,m034
s2,inside_shade,4003,75,1,28400.0,98.8,28301.2,,m033
s2,inside_shade,4003,100,1,35800.0,98.8,35701.2,,m025
s2,inside_shade,5011,100,1,24000.0,98.8,23901.2,,m024
s2,inside_shade,6006,100,1,20000.0,98.8,19901.2,,m023
s2,inside_shade,6500,10,2,716.0,98.8,617.2,16.97056274847714,m030 m031
s2,inside_shade,6500,50,1,9100.0,98.8,9001.2,,m029
s2,inside_shade,6500,100,1,18400.0,98.8,18301.2,,m022
s3_inside,inside_shade,,0,1,16.3,16.3,0.0,,m046
s3_inside,inside_shade,4001,50,1,15200.0,16.3,15183.7,,m050
s3_inside,inside_shade,4001,100,1,35300.0,16.3,35283.7,,m047
s3_room,room_target,,0,1,25.0,25.0,0.0,,m048
s3_room,room_target,4001,50,1,103.0,25.0,78.0,,m051
s3_room,room_target,4001,100,1,198.0,25.0,173.0,,m049
